Workbook

Sheet Interactive_Dashboard
A1: 🎯 SIGNAL STRADDLE DROP-DOWN FILTER
A3: Select Signal Status Filter 👉 | B3: BROKE (confirmed)
A5: Timestamp | B5: Ticker Symbol | C5: Expiry | D5: CE Vol Change | E5: PE Vol Change | F5: Bias % | G5: Event Status
A6: =IFERROR(INDEX(Processed_Data!A:A, SMALL(IF(Processed_Data!$N:$N=$B$3, ROW(Processed_Data!$N:$N)), ROW(A1))), "") | B6: =IFERROR(INDEX(Processed_Data!B:B, SMALL(IF(Processed_Data!$N:$N=$B$3, ROW(Processed_Data!$N:$N)), ROW(A1))), "") | C6: =IFERROR(INDEX(Processed_Data!C:C, SMALL(IF(Processed_Data!$N:$N=$B$3, ROW(Processed_Data!$N:$N)), ROW(A1))), "") | D6: =IFERROR(INDEX(Processed_Data!E:E, SMALL(IF(Processed_Data!$N:$N=$B$3, ROW(Processed_Data!$N:$N)), ROW(A1))), "") | E6: =IFERROR(INDEX(Processed_Data!G:G, SMALL(IF(Processed_Data!$N:$N=$B$3, ROW(Processed_Data!$N:$N)), ROW(A1))), "") | F6: =IFERROR(INDEX(Processed_Data!L:L, SMALL(IF(Processed_Data!$N:$N=$B$3, ROW(Processed_Data!$N:$N)), ROW(A1))), "") | G6: =IFERROR(INDEX(Processed_Data!N:N, SMALL(IF(Processed_Data!$N:$N=$B$3, ROW(Processed_Data!$N:$N)), ROW(A1))), "")
A7: =IFERROR(INDEX(Processed_Data!A:A, SMALL(IF(Processed_Data!$N:$N=$B$3, ROW(Processed_Data!$N:$N)), ROW(A2))), "") | B7: =IFERROR(INDEX(Processed_Data!B:B, SMALL(IF(Processed_Data!$N:$N=$B$3, ROW(Processed_Data!$N:$N)), ROW(A2))), "") | C7: =IFERROR(INDEX(Processed_Data!C:C, SMALL(IF(Processed_Data!$N:$N=$B$3, ROW(Processed_Data!$N:$N)), ROW(A2))), "") | D7: =IFERROR(INDEX(Processed_Data!E:E, SMALL(IF(Processed_Data!$N:$N=$B$3, ROW(Processed_Data!$N:$N)), ROW(A2))), "") | E7: =IFERROR(INDEX(Processed_Data!G:G, SMALL(IF(Processed_Data!$N:$N=$B$3, ROW(Processed_Data!$N:$N)), ROW(A2))), "") | F7: =IFERROR(INDEX(Processed_Data!L:L, SMALL(IF(Processed_Data!$N:$N=$B$3, ROW(Processed_Data!$N:$N)), ROW(A2))), "") | G7: =IFERROR(INDEX(Processed_Data!N:N, SMALL(IF(Processed_Data!$N:$N=$B$3, ROW(Processed_Data!$N:$N)), ROW(A2))), "")
A8: =IFERROR(INDEX(Processed_Data!A:A, SMALL(IF(Processed_Data!$N:$N=$B$3, ROW(Processed_Data!$N:$N)), ROW(A3))), "") | B8: =IFERROR(INDEX(Processed_Data!B:B, SMALL(IF(Processed_Data!$N:$N=$B$3, ROW(Processed_Data!$N:$N)), ROW(A3))), "") | C8: =IFERROR(INDEX(Processed_Data!C:C, SMALL(IF(Processed_Data!$N:$N=$B$3, ROW(Processed_Data!$N:$N)), ROW(A3))), "") | D8: =IFERROR(INDEX(Processed_Data!E:E, SMALL(IF(Processed_Data!$N:$N=$B$3, ROW(Processed_Data!$N:$N)), ROW(A3))), "") | E8: =IFERROR(INDEX(Processed_Data!G:G, SMALL(IF(Processed_Data!$N:$N=$B$3, ROW(Processed_Data!$N:$N)), ROW(A3))), "") | F8: =IFERROR(INDEX(Processed_Data!L:L, SMALL(IF(Processed_Data!$N:$N=$B$3, ROW(Processed_Data!$N:$N)), ROW(A3))), "") | G8: =IFERROR(INDEX(Processed_Data!N:N, SMALL(IF(Processed_Data!$N:$N=$B$3, ROW(Processed_Data!$N:$N)), ROW(A3))), "")
A9: =IFERROR(INDEX(Processed_Data!A:A, SMALL(IF(Processed_Data!$N:$N=$B$3, ROW(Processed_Data!$N:$N)), ROW(A4))), "") | B9: =IFERROR(INDEX(Processed_Data!B:B, SMALL(IF(Processed_Data!$N:$N=$B$3, ROW(Processed_Data!$N:$N)), ROW(A4))), "") | C9: =IFERROR(INDEX(Processed_Data!C:C, SMALL(IF(Processed_Data!$N:$N=$B$3, ROW(Processed_Data!$N:$N)), ROW(A4))), "") | D9: =IFERROR(INDEX(Processed_Data!E:E, SMALL(IF(Processed_Data!$N:$N=$B$3, ROW(Processed_Data!$N:$N)), ROW(A4))), "") | E9: =IFERROR(INDEX(Processed_Data!G:G, SMALL(IF(Processed_Data!$N:$N=$B$3, ROW(Processed_Data!$N:$N)), ROW(A4))), "") | F9: =IFERROR(INDEX(Processed_Data!L:L, SMALL(IF(Processed_Data!$N:$N=$B$3, ROW(Processed_Data!$N:$N)), ROW(A4))), "") | G9: =IFERROR(INDEX(Processed_Data!N:N, SMALL(IF(Processed_Data!$N:$N=$B$3, ROW(Processed_Data!$N:$N)), ROW(A4))), "")
A10: =IFERROR(INDEX(Processed_Data!A:A, SMALL(IF(Processed_Data!$N:$N=$B$3, ROW(Processed_Data!$N:$N)), ROW(A5))), "") | B10: =IFERROR(INDEX(Processed_Data!B:B, SMALL(IF(Processed_Data!$N:$N=$B$3, ROW(Processed_Data!$N:$N)), ROW(A5))), "") | C10: =IFERROR(INDEX(Processed_Data!C:C, SMALL(IF(Processed_Data!$N:$N=$B$3, ROW(Processed_Data!$N:$N)), ROW(A5))), "") | D10: =IFERROR(INDEX(Processed_Data!E:E, SMALL(IF(Processed_Data!$N:$N=$B$3, ROW(Processed_Data!$N:$N)), ROW(A5))), "") | E10: =IFERROR(INDEX(Processed_Data!G:G, SMALL(IF(Processed_Data!$N:$N=$B$3, ROW(Processed_Data!$N:$N)), ROW(A5))), "") | F10: =IFERROR(INDEX(Processed_Data!L:L, SMALL(IF(Processed_Data!$N:$N=$B$3, ROW(Processed_Data!$N:$N)), ROW(A5))), "") | G10: =IFERROR(INDEX(Processed_Data!N:N, SMALL(IF(Processed_Data!$N:$N=$B$3, ROW(Processed_Data!$N:$N)), ROW(A5))), "")
A11: =IFERROR(INDEX(Processed_Data!A:A, SMALL(IF(Processed_Data!$N:$N=$B$3, ROW(Processed_Data!$N:$N)), ROW(A6))), "") | B11: =IFERROR(INDEX(Processed_Data!B:B, SMALL(IF(Processed_Data!$N:$N=$B$3, ROW(Processed_Data!$N:$N)), ROW(A6))), "") | C11: =IFERROR(INDEX(Processed_Data!C:C, SMALL(IF(Processed_Data!$N:$N=$B$3, ROW(Processed_Data!$N:$N)), ROW(A6))), "") | D11: =IFERROR(INDEX(Processed_Data!E:E, SMALL(IF(Processed_Data!$N:$N=$B$3, ROW(Processed_Data!$N:$N)), ROW(A6))), "") | E11: =IFERROR(INDEX(Processed_Data!G:G, SMALL(IF(Processed_Data!$N:$N=$B$3, ROW(Processed_Data!$N:$N)), ROW(A6))), "") | F11: =IFERROR(INDEX(Processed_Data!L:L, SMALL(IF(Processed_Data!$N:$N=$B$3, ROW(Processed_Data!$N:$N)), ROW(A6))), "") | G11: =IFERROR(INDEX(Processed_Data!N:N, SMALL(IF(Processed_Data!$N:$N=$B$3, ROW(Processed_Data!$N:$N)), ROW(A6))), "")
A12: =IFERROR(INDEX(Processed_Data!A:A, SMALL(IF(Processed_Data!$N:$N=$B$3, ROW(Processed_Data!$N:$N)), ROW(A7))), "") | B12: =IFERROR(INDEX(Processed_Data!B:B, SMALL(IF(Processed_Data!$N:$N=$B$3, ROW(Processed_Data!$N:$N)), ROW(A7))), "") | C12: =IFERROR(INDEX(Processed_Data!C:C, SMALL(IF(Processed_Data!$N:$N=$B$3, ROW(Processed_Data!$N:$N)), ROW(A7))), "") | D12: =IFERROR(INDEX(Processed_Data!E:E, SMALL(IF(Processed_Data!$N:$N=$B$3, ROW(Processed_Data!$N:$N)), ROW(A7))), "") | E12: =IFERROR(INDEX(Processed_Data!G:G, SMALL(IF(Processed_Data!$N:$N=$B$3, ROW(Processed_Data!$N:$N)), ROW(A7))), "") | F12: =IFERROR(INDEX(Processed_Data!L:L, SMALL(IF(Processed_Data!$N:$N=$B$3, ROW(Processed_Data!$N:$N)), ROW(A7))), "") | G12: =IFERROR(INDEX(Processed_Data!N:N, SMALL(IF(Processed_Data!$N:$N=$B$3, ROW(Processed_Data!$N:$N)), ROW(A7))), "")
A13: =IFERROR(INDEX(Processed_Data!A:A, SMALL(IF(Processed_Data!$N:$N=$B$3, ROW(Processed_Data!$N:$N)), ROW(A8))), "") | B13: =IFERROR(INDEX(Processed_Data!B:B, SMALL(IF(Processed_Data!$N:$N=$B$3, ROW(Processed_Data!$N:$N)), ROW(A8))), "") | C13: =IFERROR(INDEX(Processed_Data!C:C, SMALL(IF(Processed_Data!$N:$N=$B$3, ROW(Processed_Data!$N:$N)), ROW(A8))), "") | D13: =IFERROR(INDEX(Processed_Data!E:E, SMALL(IF(Processed_Data!$N:$N=$B$3, ROW(Processed_Data!$N:$N)), ROW(A8))), "") | E13: =IFERROR(INDEX(Processed_Data!G:G, SMALL(IF(Processed_Data!$N:$N=$B$3, ROW(Processed_Data!$N:$N)), ROW(A8))), "") | F13: =IFERROR(INDEX(Processed_Data!L:L, SMALL(IF(Processed_Data!$N:$N=$B$3, ROW(Processed_Data!$N:$N)), ROW(A8))), "") | G13: =IFERROR(INDEX(Processed_Data!N:N, SMALL(IF(Processed_Data!$N:$N=$B$3, ROW(Processed_Data!$N:$N)), ROW(A8))), "")
A14: =IFERROR(INDEX(Processed_Data!A:A, SMALL(IF(Processed_Data!$N:$N=$B$3, ROW(Processed_Data!$N:$N)), ROW(A9))), "") | B14: =IFERROR(INDEX(Processed_Data!B:B, SMALL(IF(Processed_Data!$N:$N=$B$3, ROW(Processed_Data!$N:$N)), ROW(A9))), "") | C14: =IFERROR(INDEX(Processed_Data!C:C, SMALL(IF(Processed_Data!$N:$N=$B$3, ROW(Processed_Data!$N:$N)), ROW(A9))), "") | D14: =IFERROR(INDEX(Processed_Data!E:E, SMALL(IF(Processed_Data!$N:$N=$B$3, ROW(Processed_Data!$N:$N)), ROW(A9))), "") | E14: =IFERROR(INDEX(Processed_Data!G:G, SMALL(IF(Processed_Data!$N:$N=$B$3, ROW(Processed_Data!$N:$N)), ROW(A9))), "") | F14: =IFERROR(INDEX(Processed_Data!L:L, SMALL(IF(Processed_Data!$N:$N=$B$3, ROW(Processed_Data!$N:$N)), ROW(A9))), "") | G14: =IFERROR(INDEX(Processed_Data!N:N, SMALL(IF(Processed_Data!$N:$N=$B$3, ROW(Processed_Data!$N:$N)), ROW(A9))), "")
A15: =IFERROR(INDEX(Processed_Data!A:A, SMALL(IF(Processed_Data!$N:$N=$B$3, ROW(Processed_Data!$N:$N)), ROW(A10))), "") | B15: =IFERROR(INDEX(Processed_Data!B:B, SMALL(IF(Processed_Data!$N:$N=$B$3, ROW(Processed_Data!$N:$N)), ROW(A10))), "") | C15: =IFERROR(INDEX(Processed_Data!C:C, SMALL(IF(Processed_Data!$N:$N=$B$3, ROW(Processed_Data!$N:$N)), ROW(A10))), "") | D15: =IFERROR(INDEX(Processed_Data!E:E, SMALL(IF(Processed_Data!$N:$N=$B$3, ROW(Processed_Data!$N:$N)), ROW(A10))), "") | E15: =IFERROR(INDEX(Processed_Data!G:G, SMALL(IF(Processed_Data!$N:$N=$B$3, ROW(Processed_Data!$N:$N)), ROW(A10))), "") | F15: =IFERROR(INDEX(Processed_Data!L:L, SMALL(IF(Processed_Data!$N:$N=$B$3, ROW(Processed_Data!$N:$N)), ROW(A10))), "") | G15: =IFERROR(INDEX(Processed_Data!N:N, SMALL(IF(Processed_Data!$N:$N=$B$3, ROW(Processed_Data!$N:$N)), ROW(A10))), "")
A16: =IFERROR(INDEX(Processed_Data!A:A, SMALL(IF(Processed_Data!$N:$N=$B$3, ROW(Processed_Data!$N:$N)), ROW(A11))), "") | B16: =IFERROR(INDEX(Processed_Data!B:B, SMALL(IF(Processed_Data!$N:$N=$B$3, ROW(Processed_Data!$N:$N)), ROW(A11))), "") | C16: =IFERROR(INDEX(Processed_Data!C:C, SMALL(IF(Processed_Data!$N:$N=$B$3, ROW(Processed_Data!$N:$N)), ROW(A11))), "") | D16: =IFERROR(INDEX(Processed_Data!E:E, SMALL(IF(Processed_Data!$N:$N=$B$3, ROW(Processed_Data!$N:$N)), ROW(A11))), "") | E16: =IFERROR(INDEX(Processed_Data!G:G, SMALL(IF(Processed_Data!$N:$N=$B$3, ROW(Processed_Data!$N:$N)), ROW(A11))), "") | F16: =IFERROR(INDEX(Processed_Data!L:L, SMALL(IF(Processed_Data!$N:$N=$B$3, ROW(Processed_Data!$N:$N)), ROW(A11))), "") | G16: =IFERROR(INDEX(Processed_Data!N:N, SMALL(IF(Processed_Data!$N:$N=$B$3, ROW(Processed_Data!$N:$N)), ROW(A11))), "")
A17: =IFERROR(INDEX(Processed_Data!A:A, SMALL(IF(Processed_Data!$N:$N=$B$3, ROW(Processed_Data!$N:$N)), ROW(A12))), "") | B17: =IFERROR(INDEX(Processed_Data!B:B, SMALL(IF(Processed_Data!$N:$N=$B$3, ROW(Processed_Data!$N:$N)), ROW(A12))), "") | C17: =IFERROR(INDEX(Processed_Data!C:C, SMALL(IF(Processed_Data!$N:$N=$B$3, ROW(Processed_Data!$N:$N)), ROW(A12))), "") | D17: =IFERROR(INDEX(Processed_Data!E:E, SMALL(IF(Processed_Data!$N:$N=$B$3, ROW(Processed_Data!$N:$N)), ROW(A12))), "") | E17: =IFERROR(INDEX(Processed_Data!G:G, SMALL(IF(Processed_Data!$N:$N=$B$3, ROW(Processed_Data!$N:$N)), ROW(A12))), "") | F17: =IFERROR(INDEX(Processed_Data!L:L, SMALL(IF(Processed_Data!$N:$N=$B$3, ROW(Processed_Data!$N:$N)), ROW(A12))), "") | G17: =IFERROR(INDEX(Processed_Data!N:N, SMALL(IF(Processed_Data!$N:$N=$B$3, ROW(Processed_Data!$N:$N)), ROW(A12))), "")
... A149: =IFERROR(INDEX(Processed_Data!A:A, SMALL(IF(Processed_Data!$N:$N=$B$3, ROW(Processed_Data!$N:$N)), ROW(A144))), "") | B149: =IFERROR(INDEX(Processed_Data!B:B, SMALL(IF(Processed_Data!$N:$N=$B$3, ROW(Processed_Data!$N:$N)), ROW(A144))), "") | C149: =IFERROR(INDEX(Processed_Data!C:C, SMALL(IF(Processed_Data!$N:$N=$B$3, ROW(Processed_Data!$N:$N)), ROW(A144))), "") | D149: =IFERROR(INDEX(Processed_Data!E:E, SMALL(IF(Processed_Data!$N:$N=$B$3, ROW(Processed_Data!$N:$N)), ROW(A144))), "") | E149: =IFERROR(INDEX(Processed_Data!G:G, SMALL(IF(Processed_Data!$N:$N=$B$3, ROW(Processed_Data!$N:$N)), ROW(A144))), "") | F149: =IFERROR(INDEX(Processed_Data!L:L, SMALL(IF(Processed_Data!$N:$N=$B$3, ROW(Processed_Data!$N:$N)), ROW(A144))), "") | G149: =IFERROR(INDEX(Processed_Data!N:N, SMALL(IF(Processed_Data!$N:$N=$B$3, ROW(Processed_Data!$N:$N)), ROW(A144))), "")

Sheet Processed_Data
A1: timestamp | B1: ticker | C1: expiry | D1: total_ce_volume | E1: ce_volume_change | F1: total_pe_volume | G1: pe_volume_change | H1: total_ce_oi | I1: ce_oi_change | J1: total_pe_oi | K1: pe_oi_change | L1: Bias_% | M1: Skew | N1: Event_Status
A2: 2026-09-14 17:02:56 | B2: RELIANCE.NS | C2: 2026-09-24 | D2: 146025 | E2: 0 | F2: 76351 | G2: 0 | H2: 47510 | I2: 0 | J2: 47858 | K2: 0 | L2: 0 | M2: Neutral | N2: Normal Straddle
A3: 2026-09-14 17:02:56 | B3: TCS.NS | C3: 2026-09-24 | D3: 99766 | E3: 0 | F3: 132021 | G3: 0 | H3: 32304 | I3: 0 | J3: 44110 | K3: 0 | L3: 0 | M3: Neutral | N3: Normal Straddle
A4: 2026-09-14 17:02:56 | B4: INFY.NS | C4: 2026-09-24 | D4: 131651 | E4: 0 | F4: 87167 | G4: 0 | H4: 49567 | I4: 0 | J4: 17897 | K4: 0 | L4: 0 | M4: Neutral | N4: Normal Straddle
A5: 2026-09-14 17:02:56 | B5: HDFCBANK.NS | C5: 2026-09-24 | D5: 74200 | E5: 0 | F5: 104676 | G5: 0 | H5: 16269 | I5: 0 | J5: 46191 | K5: 0 | L5: 0 | M5: Neutral | N5: Normal Straddle
A6: 2026-09-14 17:02:56 | B6: ICICIBANK.NS | C6: 2026-09-24 | D6: 133593 | E6: 0 | F6: 79975 | G6: 0 | H6: 10111 | I6: 0 | J6: 28925 | K6: 0 | L6: 0 | M6: Neutral | N6: Normal Straddle
A7: 2026-09-14 17:02:56 | B7: SBIN.NS | C7: 2026-09-24 | D7: 68547 | E7: 0 | F7: 124398 | G7: 0 | H7: 42795 | I7: 0 | J7: 41660 | K7: 0 | L7: 0 | M7: Neutral | N7: Normal Straddle
A8: 2026-09-14 17:02:56 | B8: TATAMOTORS.NS | C8: 2026-09-24 | D8: 87154 | E8: 0 | F8: 135728 | G8: 0 | H8: 16405 | I8: 0 | J8: 45434 | K8: 0 | L8: 0 | M8: Neutral | N8: Normal Straddle
A9: 2026-09-14 17:02:56 | B9: AXISBANK.NS | C9: 2026-09-24 | D9: 111795 | E9: 0 | F9: 135050 | G9: 0 | H9: 48703 | I9: 0 | J9: 39900 | K9: 0 | L9: 0 | M9: Neutral | N9: Normal Straddle
A10: 2026-09-14 17:03:07 | B10: RELIANCE.NS | C10: 2026-09-24 | D10: 94572 | E10: 0 | F10: 61925 | G10: 0 | H10: 13291 | I10: -34219 | J10: 44132 | K10: -3726 | L10: 0 | M10: Neutral | N10: Normal Straddle
A11: 2026-09-14 17:03:07 | B11: TCS.NS | C11: 2026-09-24 | D11: 104875 | E11: 5109 | F11: 55285 | G11: 0 | H11: 48574 | I11: 16270 | J11: 12218 | K11: -31892 | L11: 100 | M11: Bullish Skew | N11: BROKE (confirmed)
A12: 2026-09-14 17:03:07 | B12: INFY.NS | C12: 2026-09-24 | D12: 109563 | E12: 0 | F12: 122894 | G12: 35727 | H12: 32406 | I12: -17161 | J12: 22030 | K12: 4133 | L12: -100 | M12: Bearish Skew | N12: BROKE (confirmed)
A13: 2026-09-14 17:03:07 | B13: HDFCBANK.NS | C13: 2026-09-24 | D13: 79727 | E13: 5527 | F13: 114910 | G13: 10234 | H13: 47536 | I13: 31267 | J13: 44092 | K13: -2099 | L13: -29.86 | M13: Bearish Skew | N13: BROKE (confirmed)
... A345: 2026-09-14 17:10:41 | B345: AXISBANK.NS | C345: 2026-09-24 | D345: 50098 | E345: 0 | F345: 129063 | G345: 57492 | H345: 28451 | I345: 13696 | J345: 25899 | K345: -2742 | L345: -100 | M345: Bearish Skew | N345: BROKE (confirmed)

Sheet Raw_Logs
A1: timestamp | B1: ticker | C1: expiry | D1: total_ce_volume | E1: ce_volume_change | F1: total_pe_volume | G1: pe_volume_change | H1: total_ce_oi | I1: ce_oi_change | J1: total_pe_oi | K1: pe_oi_change
A2: 2026-09-14 17:02:56 | B2: RELIANCE.NS | C2: 2026-09-24 | D2: 146025 | E2: 0 | F2: 76351 | G2: 0 | H2: 47510 | I2: 0 | J2: 47858 | K2: 0
A3: 2026-09-14 17:02:56 | B3: TCS.NS | C3: 2026-09-24 | D3: 99766 | E3: 0 | F3: 132021 | G3: 0 | H3: 32304 | I3: 0 | J3: 44110 | K3: 0
A4: 2026-09-14 17:02:56 | B4: INFY.NS | C4: 2026-09-24 | D4: 131651 | E4: 0 | F4: 87167 | G4: 0 | H4: 49567 | I4: 0 | J4: 17897 | K4: 0
A5: 2026-09-14 17:02:56 | B5: HDFCBANK.NS | C5: 2026-09-24 | D5: 74200 | E5: 0 | F5: 104676 | G5: 0 | H5: 16269 | I5: 0 | J5: 46191 | K5: 0
A6: 2026-09-14 17:02:56 | B6: ICICIBANK.NS | C6: 2026-09-24 | D6: 133593 | E6: 0 | F6: 79975 | G6: 0 | H6: 10111 | I6: 0 | J6: 28925 | K6: 0
A7: 2026-09-14 17:02:56 | B7: SBIN.NS | C7: 2026-09-24 | D7: 68547 | E7: 0 | F7: 124398 | G7: 0 | H7: 42795 | I7: 0 | J7: 41660 | K7: 0
A8: 2026-09-14 17:02:56 | B8: TATAMOTORS.NS | C8: 2026-09-24 | D8: 87154 | E8: 0 | F8: 135728 | G8: 0 | H8: 16405 | I8: 0 | J8: 45434 | K8: 0
A9: 2026-09-14 17:02:56 | B9: AXISBANK.NS | C9: 2026-09-24 | D9: 111795 | E9: 0 | F9: 135050 | G9: 0 | H9: 48703 | I9: 0 | J9: 39900 | K9: 0
A10: 2026-09-14 17:03:07 | B10: RELIANCE.NS | C10: 2026-09-24 | D10: 94572 | E10: 0 | F10: 61925 | G10: 0 | H10: 13291 | I10: -34219 | J10: 44132 | K10: -3726
A11: 2026-09-14 17:03:07 | B11: TCS.NS | C11: 2026-09-24 | D11: 104875 | E11: 5109 | F11: 55285 | G11: 0 | H11: 48574 | I11: 16270 | J11: 12218 | K11: -31892
A12: 2026-09-14 17:03:07 | B12: INFY.NS | C12: 2026-09-24 | D12: 109563 | E12: 0 | F12: 122894 | G12: 35727 | H12: 32406 | I12: -17161 | J12: 22030 | K12: 4133
A13: 2026-09-14 17:03:07 | B13: HDFCBANK.NS | C13: 2026-09-24 | D13: 79727 | E13: 5527 | F13: 114910 | G13: 10234 | H13: 47536 | I13: 31267 | J13: 44092 | K13: -2099
... A345: 2026-09-14 17:10:41 | B345: AXISBANK.NS | C345: 2026-09-24 | D345: 50098 | E345: 0 | F345: 129063 | G345: 57492 | H345: 28451 | I345: 13696 | J345: 25899 | K345: -2742
